<ArrayOfcUnidadNegocio xmlns="http://schemas.datacontract.org/2004/07/wsVentaPublico" xmlns:i="http://www.w3.org/2001/XMLSchema-instance"><cUnidadNegocio><IdUnidad>2</IdUnidad><NombreUnidad>Urbanna</NombreUnidad></cUnidadNegocio><cUnidadNegocio><IdUnidad>3</IdUnidad><NombreUnidad>Calza Comfort</NombreUnidad></cUnidadNegocio><cUnidadNegocio><IdUnidad>8</IdUnidad><NombreUnidad>Calzapato</NombreUnidad></cUnidadNegocio><cUnidadNegocio><IdUnidad>9</IdUnidad><NombreUnidad>kelder</NombreUnidad></cUnidadNegocio><cUnidadNegocio><IdUnidad>10</IdUnidad><NombreUnidad>CalzaKids</NombreUnidad></cUnidadNegocio><cUnidadNegocio><IdUnidad>11</IdUnidad><NombreUnidad>CalzaSport</NombreUnidad></cUnidadNegocio><cUnidadNegocio><IdUnidad>12</IdUnidad><NombreUnidad>Flexi</NombreUnidad></cUnidadNegocio><cUnidadNegocio><IdUnidad>13</IdUnidad><NombreUnidad>CALZEUS</NombreUnidad></cUnidadNegocio><cUnidadNegocio><IdUnidad>15</IdUnidad><NombreUnidad>ADIDAS</NombreUnidad></cUnidadNegocio><cUnidadNegocio><IdUnidad>16</IdUnidad><NombreUnidad>VANS</NombreUnidad></cUnidadNegocio></ArrayOfcUnidadNegocio>