<ArrayOfcGenero xmlns="http://schemas.datacontract.org/2004/07/wsVentaPublico" xmlns:i="http://www.w3.org/2001/XMLSchema-instance"><cGenero><Descripcion>DAMAS</Descripcion><Id>001</Id></cGenero><cGenero><Descripcion>CABALLEROS</Descripcion><Id>002</Id></cGenero><cGenero><Descripcion>NIÑAS</Descripcion><Id>003</Id></cGenero><cGenero><Descripcion>NIÑOS</Descripcion><Id>004</Id></cGenero><cGenero><Descripcion>TELEFONIA</Descripcion><Id>005</Id></cGenero><cGenero><Descripcion>MUEBLERIA</Descripcion><Id>006</Id></cGenero><cGenero><Descripcion>LINEA BLANCA</Descripcion><Id>007</Id></cGenero><cGenero><Descripcion>PERFUMERÍA</Descripcion><Id>008</Id></cGenero><cGenero><Descripcion>ELECTRONICA</Descripcion><Id>009</Id></cGenero><cGenero><Descripcion>HOGAR</Descripcion><Id>010</Id></cGenero><cGenero><Descripcion>SALUD Y BELLEZA</Descripcion><Id>011</Id></cGenero><cGenero><Descripcion>AUTOMOTRIZ</Descripcion><Id>012</Id></cGenero><cGenero><Descripcion>ELECTRODOMESTICOS</Descripcion><Id>013</Id></cGenero><cGenero><Descripcion /><Id>014</Id></cGenero><cGenero><Descripcion>RELOJERIA</Descripcion><Id>015</Id></cGenero><cGenero><Descripcion>ACCESORIOS DE MARCA</Descripcion><Id>016</Id></cGenero><cGenero><Descripcion>EQUIPO</Descripcion><Id>017</Id></cGenero><cGenero><Descripcion>ACCESORIOS DE PLAYA</Descripcion><Id>018</Id></cGenero><cGenero><Descripcion>ACCESORIOS</Descripcion><Id>019</Id></cGenero><cGenero><Descripcion>ACCESORIOS PARA BEBE</Descripcion><Id>020</Id></cGenero><cGenero><Descripcion>COSMETICOS</Descripcion><Id>021</Id></cGenero><cGenero><Descripcion>SALUD</Descripcion><Id>022</Id></cGenero><cGenero><Descripcion>PRODUCTO DE LIMPIEZA</Descripcion><Id>023</Id></cGenero><cGenero><Descripcion /><Id>024</Id></cGenero><cGenero><Descripcion /><Id>025</Id></cGenero><cGenero><Descripcion /><Id>026</Id></cGenero><cGenero><Descripcion /><Id>027</Id></cGenero><cGenero><Descripcion /><Id>028</Id></cGenero><cGenero><Descripcion /><Id>029</Id></cGenero><cGenero><Descripcion /><Id>030</Id></cGenero><cGenero><Descripcion /><Id>031</Id></cGenero><cGenero><Descripcion /><Id>032</Id></cGenero><cGenero><Descripcion /><Id>033</Id></cGenero><cGenero><Descripcion /><Id>034</Id></cGenero><cGenero><Descripcion /><Id>035</Id></cGenero><cGenero><Descripcion /><Id>036</Id></cGenero><cGenero><Descripcion /><Id>037</Id></cGenero><cGenero><Descripcion /><Id>038</Id></cGenero><cGenero><Descripcion /><Id>039</Id></cGenero><cGenero><Descripcion /><Id>040</Id></cGenero><cGenero><Descripcion /><Id>041</Id></cGenero><cGenero><Descripcion /><Id>042</Id></cGenero><cGenero><Descripcion /><Id>043</Id></cGenero><cGenero><Descripcion /><Id>044</Id></cGenero><cGenero><Descripcion /><Id>045</Id></cGenero><cGenero><Descripcion /><Id>046</Id></cGenero><cGenero><Descripcion>ROPA DEPORTIVA</Descripcion><Id>047</Id></cGenero><cGenero><Descripcion>ROPA DEPORTIVA</Descripcion><Id>048</Id></cGenero><cGenero><Descripcion>JUGUETERIA</Descripcion><Id>049</Id></cGenero><cGenero><Descripcion>BICICLETAS</Descripcion><Id>050</Id></cGenero><cGenero><Descripcion>HASBRO</Descripcion><Id>051</Id></cGenero><cGenero><Descripcion>FARMACIA</Descripcion><Id>052</Id></cGenero></ArrayOfcGenero>