<ArrayOfcSubLinea xmlns="http://schemas.datacontract.org/2004/07/wsVentaPublico" xmlns:i="http://www.w3.org/2001/XMLSchema-instance"><cSubLinea><Descripcion>MOCHILAS</Descripcion><Id>064</Id><IdGenero>001</IdGenero></cSubLinea><cSubLinea><Descripcion>BLUSAS</Descripcion><Id>183</Id><IdGenero>001</IdGenero></cSubLinea><cSubLinea><Descripcion>ALPARGATA</Descripcion><Id>236</Id><IdGenero>001</IdGenero></cSubLinea><cSubLinea><Descripcion>CLOGS</Descripcion><Id>261</Id><IdGenero>001</IdGenero></cSubLinea><cSubLinea><Descripcion>PANTUFLAS</Descripcion><Id>024</Id><IdGenero>001</IdGenero></cSubLinea><cSubLinea><Descripcion>SANDALIA PLATAFORMA</Descripcion><Id>061</Id><IdGenero>001</IdGenero></cSubLinea><cSubLinea><Descripcion>CAMISETA</Descripcion><Id>255</Id><IdGenero>001</IdGenero></cSubLinea><cSubLinea><Descripcion>SACO</Descripcion><Id>292</Id><IdGenero>001</IdGenero></cSubLinea><cSubLinea><Descripcion>BOLSAS</Descripcion><Id>182</Id><IdGenero>001</IdGenero></cSubLinea><cSubLinea><Descripcion>ZAPATOS</Descripcion><Id>044</Id><IdGenero>001</IdGenero></cSubLinea><cSubLinea><Descripcion>CALCETAS</Descripcion><Id>317</Id><IdGenero>001</IdGenero></cSubLinea><cSubLinea><Descripcion>JUMPER</Descripcion><Id>192</Id><IdGenero>001</IdGenero></cSubLinea><cSubLinea><Descripcion>SUDADERA</Descripcion><Id>241</Id><IdGenero>001</IdGenero></cSubLinea><cSubLinea><Descripcion>CHALECO</Descripcion><Id>256</Id><IdGenero>001</IdGenero></cSubLinea><cSubLinea><Descripcion>PANTS</Descripcion><Id>217</Id><IdGenero>001</IdGenero></cSubLinea><cSubLinea><Descripcion>BOXER</Descripcion><Id>243</Id><IdGenero>001</IdGenero></cSubLinea><cSubLinea><Descripcion>BUFANDAS</Descripcion><Id>371</Id><IdGenero>001</IdGenero></cSubLinea><cSubLinea><Descripcion>PANTALETA</Descripcion><Id>277</Id><IdGenero>001</IdGenero></cSubLinea><cSubLinea><Descripcion>CROP TOP</Descripcion><Id>349</Id><IdGenero>001</IdGenero></cSubLinea><cSubLinea><Descripcion>CAPRI</Descripcion><Id>253</Id><IdGenero>001</IdGenero></cSubLinea><cSubLinea><Descripcion>CULOTTE</Descripcion><Id>274</Id><IdGenero>001</IdGenero></cSubLinea><cSubLinea><Descripcion>CHAMARRA</Descripcion><Id>338</Id><IdGenero>001</IdGenero></cSubLinea><cSubLinea><Descripcion>CONJUNTO</Descripcion><Id>291</Id><IdGenero>001</IdGenero></cSubLinea><cSubLinea><Descripcion>ENSAMBLE</Descripcion><Id>273</Id><IdGenero>001</IdGenero></cSubLinea><cSubLinea><Descripcion>OXFORD</Descripcion><Id>045</Id><IdGenero>001</IdGenero></cSubLinea><cSubLinea><Descripcion>PANTIBLUSA</Descripcion><Id>247</Id><IdGenero>001</IdGenero></cSubLinea><cSubLinea><Descripcion>CAMISETA INTERIOR</Descripcion><Id>279</Id><IdGenero>001</IdGenero></cSubLinea><cSubLinea><Descripcion>BOTAS</Descripcion><Id>022</Id><IdGenero>001</IdGenero></cSubLinea><cSubLinea><Descripcion>OVEROL</Descripcion><Id>259</Id><IdGenero>001</IdGenero></cSubLinea><cSubLinea><Descripcion>SHORT</Descripcion><Id>193</Id><IdGenero>001</IdGenero></cSubLinea><cSubLinea><Descripcion>CONFORT</Descripcion><Id>006</Id><IdGenero>001</IdGenero></cSubLinea><cSubLinea><Descripcion>CHUNKY</Descripcion><Id>270</Id><IdGenero>001</IdGenero></cSubLinea><cSubLinea><Descripcion>PANTALON</Descripcion><Id>240</Id><IdGenero>001</IdGenero></cSubLinea><cSubLinea><Descripcion>SHORTS</Descripcion><Id>276</Id><IdGenero>001</IdGenero></cSubLinea><cSubLinea><Descripcion>BRASSIERE</Descripcion><Id>244</Id><IdGenero>001</IdGenero></cSubLinea><cSubLinea><Descripcion>BABY DOLL</Descripcion><Id>281</Id><IdGenero>001</IdGenero></cSubLinea><cSubLinea><Descripcion>CALZADO</Descripcion><Id>001</Id><IdGenero>001</IdGenero></cSubLinea><cSubLinea><Descripcion>PLAYERO</Descripcion><Id>048</Id><IdGenero>001</IdGenero></cSubLinea><cSubLinea><Descripcion>SUECOS</Descripcion><Id>025</Id><IdGenero>001</IdGenero></cSubLinea><cSubLinea><Descripcion>ZAPATILLAS</Descripcion><Id>034</Id><IdGenero>001</IdGenero></cSubLinea><cSubLinea><Descripcion>BOTIN</Descripcion><Id>041</Id><IdGenero>001</IdGenero></cSubLinea><cSubLinea><Descripcion>ROPA</Descripcion><Id>191</Id><IdGenero>001</IdGenero></cSubLinea><cSubLinea><Descripcion>CAMISA</Descripcion><Id>267</Id><IdGenero>001</IdGenero></cSubLinea><cSubLinea><Descripcion>PANTY</Descripcion><Id>245</Id><IdGenero>001</IdGenero></cSubLinea><cSubLinea><Descripcion>BALERINAS/FLATS</Descripcion><Id>010</Id><IdGenero>001</IdGenero></cSubLinea><cSubLinea><Descripcion>SANDALIAS</Descripcion><Id>002</Id><IdGenero>001</IdGenero></cSubLinea><cSubLinea><Descripcion>MOCASINES</Descripcion><Id>026</Id><IdGenero>001</IdGenero></cSubLinea><cSubLinea><Descripcion>FAJA</Descripcion><Id>316</Id><IdGenero>001</IdGenero></cSubLinea><cSubLinea><Descripcion>CONJUNTO DEPORTIVO</Descripcion><Id>185</Id><IdGenero>001</IdGenero></cSubLinea><cSubLinea><Descripcion>JEANS</Descripcion><Id>218</Id><IdGenero>001</IdGenero></cSubLinea><cSubLinea><Descripcion>URBANO</Descripcion><Id>039</Id><IdGenero>001</IdGenero></cSubLinea><cSubLinea><Descripcion>TOP</Descripcion><Id>220</Id><IdGenero>001</IdGenero></cSubLinea><cSubLinea><Descripcion>BIKINI</Descripcion><Id>242</Id><IdGenero>001</IdGenero></cSubLinea><cSubLinea><Descripcion>PIJAMA</Descripcion><Id>223</Id><IdGenero>001</IdGenero></cSubLinea><cSubLinea><Descripcion>BOTA DE TRABAJO</Descripcion><Id>042</Id><IdGenero>001</IdGenero></cSubLinea><cSubLinea><Descripcion>TANGA</Descripcion><Id>278</Id><IdGenero>001</IdGenero></cSubLinea><cSubLinea><Descripcion>PALAZZO</Descripcion><Id>235</Id><IdGenero>001</IdGenero></cSubLinea><cSubLinea><Descripcion>DEPORTIVO</Descripcion><Id>023</Id><IdGenero>001</IdGenero></cSubLinea><cSubLinea><Descripcion>LEGGINGS</Descripcion><Id>219</Id><IdGenero>001</IdGenero></cSubLinea><cSubLinea><Descripcion>SHORT FALDA</Descripcion><Id>280</Id><IdGenero>001</IdGenero></cSubLinea><cSubLinea><Descripcion>FALDAS</Descripcion><Id>194</Id><IdGenero>001</IdGenero></cSubLinea><cSubLinea><Descripcion>VESTIDOS</Descripcion><Id>196</Id><IdGenero>001</IdGenero></cSubLinea><cSubLinea><Descripcion>BOTA</Descripcion><Id>043</Id><IdGenero>002</IdGenero></cSubLinea><cSubLinea><Descripcion>PANTALON</Descripcion><Id>246</Id><IdGenero>002</IdGenero></cSubLinea><cSubLinea><Descripcion>BOTA DE TRABAJO</Descripcion><Id>009</Id><IdGenero>002</IdGenero></cSubLinea><cSubLinea><Descripcion>JOGGER</Descripcion><Id>396</Id><IdGenero>002</IdGenero></cSubLinea><cSubLinea><Descripcion>CAMISAS</Descripcion><Id>195</Id><IdGenero>002</IdGenero></cSubLinea><cSubLinea><Descripcion>URBANO</Descripcion><Id>037</Id><IdGenero>002</IdGenero></cSubLinea><cSubLinea><Descripcion>PANTUFLAS</Descripcion><Id>008</Id><IdGenero>002</IdGenero></cSubLinea><cSubLinea><Descripcion>GORRAS</Descripcion><Id>058</Id><IdGenero>002</IdGenero></cSubLinea><cSubLinea><Descripcion>JERSEY</Descripcion><Id>393</Id><IdGenero>002</IdGenero></cSubLinea><cSubLinea><Descripcion>PLAYERO</Descripcion><Id>049</Id><IdGenero>002</IdGenero></cSubLinea><cSubLinea><Descripcion>BOXER</Descripcion><Id>310</Id><IdGenero>002</IdGenero></cSubLinea><cSubLinea><Descripcion>DEPORTIVO</Descripcion><Id>019</Id><IdGenero>002</IdGenero></cSubLinea><cSubLinea><Descripcion>GUAYABERA</Descripcion><Id>339</Id><IdGenero>002</IdGenero></cSubLinea><cSubLinea><Descripcion>PRODUCTOS DE LIMPIEZA</Descripcion><Id>059</Id><IdGenero>002</IdGenero></cSubLinea><cSubLinea><Descripcion>TENIS</Descripcion><Id>007</Id><IdGenero>002</IdGenero></cSubLinea><cSubLinea><Descripcion>PIJAMA</Descripcion><Id>325</Id><IdGenero>002</IdGenero></cSubLinea><cSubLinea><Descripcion>ZAPATOS</Descripcion><Id>003</Id><IdGenero>002</IdGenero></cSubLinea><cSubLinea><Descripcion>SHORTS</Descripcion><Id>275</Id><IdGenero>002</IdGenero></cSubLinea><cSubLinea><Descripcion>CONJUNTO</Descripcion><Id>295</Id><IdGenero>002</IdGenero></cSubLinea><cSubLinea><Descripcion>SUDADERA</Descripcion><Id>293</Id><IdGenero>002</IdGenero></cSubLinea><cSubLinea><Descripcion>CHAMARRA</Descripcion><Id>294</Id><IdGenero>002</IdGenero></cSubLinea><cSubLinea><Descripcion>CALSETAS</Descripcion><Id>318</Id><IdGenero>002</IdGenero></cSubLinea><cSubLinea><Descripcion>PLAYERAS</Descripcion><Id>184</Id><IdGenero>002</IdGenero></cSubLinea><cSubLinea><Descripcion>CHALECO</Descripcion><Id>354</Id><IdGenero>002</IdGenero></cSubLinea><cSubLinea><Descripcion>MOCHILAS</Descripcion><Id>065</Id><IdGenero>002</IdGenero></cSubLinea><cSubLinea><Descripcion>SANDALIAS</Descripcion><Id>016</Id><IdGenero>002</IdGenero></cSubLinea><cSubLinea><Descripcion>BERMUDAS</Descripcion><Id>258</Id><IdGenero>002</IdGenero></cSubLinea><cSubLinea><Descripcion>CALZADO A</Descripcion><Id>036</Id><IdGenero>002</IdGenero></cSubLinea><cSubLinea><Descripcion>CINTOS</Descripcion><Id>320</Id><IdGenero>002</IdGenero></cSubLinea><cSubLinea><Descripcion>CLOGS</Descripcion><Id>262</Id><IdGenero>002</IdGenero></cSubLinea><cSubLinea><Descripcion>CALZADO A</Descripcion><Id>020</Id><IdGenero>002</IdGenero></cSubLinea><cSubLinea><Descripcion>SACO</Descripcion><Id>286</Id><IdGenero>002</IdGenero></cSubLinea><cSubLinea><Descripcion>CARTERAS</Descripcion><Id>309</Id><IdGenero>002</IdGenero></cSubLinea><cSubLinea><Descripcion>JEANS</Descripcion><Id>254</Id><IdGenero>002</IdGenero></cSubLinea><cSubLinea><Descripcion>SUETER</Descripcion><Id>355</Id><IdGenero>002</IdGenero></cSubLinea><cSubLinea><Descripcion>PLAYERO</Descripcion><Id>050</Id><IdGenero>003</IdGenero></cSubLinea><cSubLinea><Descripcion>PATINES Y LUCES</Descripcion><Id>046</Id><IdGenero>003</IdGenero></cSubLinea><cSubLinea><Descripcion>CORPIÑO</Descripcion><Id>271</Id><IdGenero>003</IdGenero></cSubLinea><cSubLinea><Descripcion>BLUSAS</Descripcion><Id>207</Id><IdGenero>003</IdGenero></cSubLinea><cSubLinea><Descripcion>BOTAS</Descripcion><Id>027</Id><IdGenero>003</IdGenero></cSubLinea><cSubLinea><Descripcion>OVEROL</Descripcion><Id>221</Id><IdGenero>003</IdGenero></cSubLinea><cSubLinea><Descripcion>PALAZZO</Descripcion><Id>239</Id><IdGenero>003</IdGenero></cSubLinea><cSubLinea><Descripcion>BALERINAS/FLATS</Descripcion><Id>004</Id><IdGenero>003</IdGenero></cSubLinea><cSubLinea><Descripcion>ESCOLAR</Descripcion><Id>052</Id><IdGenero>003</IdGenero></cSubLinea><cSubLinea><Descripcion>DEPORTIVO</Descripcion><Id>028</Id><IdGenero>003</IdGenero></cSubLinea><cSubLinea><Descripcion>SHORTS</Descripcion><Id>214</Id><IdGenero>003</IdGenero></cSubLinea><cSubLinea><Descripcion>CHALECOS</Descripcion><Id>238</Id><IdGenero>003</IdGenero></cSubLinea><cSubLinea><Descripcion>CONJUNTOS</Descripcion><Id>205</Id><IdGenero>003</IdGenero></cSubLinea><cSubLinea><Descripcion>PLAYERAS</Descripcion><Id>212</Id><IdGenero>003</IdGenero></cSubLinea><cSubLinea><Descripcion>CAMISETAS</Descripcion><Id>398</Id><IdGenero>003</IdGenero></cSubLinea><cSubLinea><Descripcion>BOLSAS</Descripcion><Id>326</Id><IdGenero>003</IdGenero></cSubLinea><cSubLinea><Descripcion>URBANO</Descripcion><Id>040</Id><IdGenero>003</IdGenero></cSubLinea><cSubLinea><Descripcion>ZAPATOS</Descripcion><Id>011</Id><IdGenero>003</IdGenero></cSubLinea><cSubLinea><Descripcion>TRAJES DE BAÑO</Descripcion><Id>211</Id><IdGenero>003</IdGenero></cSubLinea><cSubLinea><Descripcion>MOÑOS</Descripcion><Id>252</Id><IdGenero>003</IdGenero></cSubLinea><cSubLinea><Descripcion>CALZADO</Descripcion><Id>017</Id><IdGenero>003</IdGenero></cSubLinea><cSubLinea><Descripcion>PANTALONES</Descripcion><Id>208</Id><IdGenero>003</IdGenero></cSubLinea><cSubLinea><Descripcion>MOCHILAS</Descripcion><Id>063</Id><IdGenero>003</IdGenero></cSubLinea><cSubLinea><Descripcion>BOXER</Descripcion><Id>282</Id><IdGenero>003</IdGenero></cSubLinea><cSubLinea><Descripcion>SUETER</Descripcion><Id>361</Id><IdGenero>003</IdGenero></cSubLinea><cSubLinea><Descripcion>VESTIDOS</Descripcion><Id>206</Id><IdGenero>003</IdGenero></cSubLinea><cSubLinea><Descripcion>LEGGINGS</Descripcion><Id>311</Id><IdGenero>003</IdGenero></cSubLinea><cSubLinea><Descripcion>ROPA INTERIOR</Descripcion><Id>210</Id><IdGenero>003</IdGenero></cSubLinea><cSubLinea><Descripcion>CLOGS</Descripcion><Id>264</Id><IdGenero>003</IdGenero></cSubLinea><cSubLinea><Descripcion>PANTY</Descripcion><Id>289</Id><IdGenero>003</IdGenero></cSubLinea><cSubLinea><Descripcion>JUMPER</Descripcion><Id>237</Id><IdGenero>003</IdGenero></cSubLinea><cSubLinea><Descripcion>FALDAS</Descripcion><Id>213</Id><IdGenero>003</IdGenero></cSubLinea><cSubLinea><Descripcion>SANDALIAS</Descripcion><Id>013</Id><IdGenero>003</IdGenero></cSubLinea><cSubLinea><Descripcion>BRASIERE</Descripcion><Id>287</Id><IdGenero>003</IdGenero></cSubLinea><cSubLinea><Descripcion>DEPORTIVO ESCOLAR</Descripcion><Id>056</Id><IdGenero>003</IdGenero></cSubLinea><cSubLinea><Descripcion>COLOTTE</Descripcion><Id>266</Id><IdGenero>003</IdGenero></cSubLinea><cSubLinea><Descripcion>BEBES</Descripcion><Id>054</Id><IdGenero>003</IdGenero></cSubLinea><cSubLinea><Descripcion>PANTS</Descripcion><Id>363</Id><IdGenero>003</IdGenero></cSubLinea><cSubLinea><Descripcion>PANTUFLAS</Descripcion><Id>029</Id><IdGenero>003</IdGenero></cSubLinea><cSubLinea><Descripcion>MOCASINES</Descripcion><Id>031</Id><IdGenero>003</IdGenero></cSubLinea><cSubLinea><Descripcion>PIJAMAS</Descripcion><Id>209</Id><IdGenero>003</IdGenero></cSubLinea><cSubLinea><Descripcion>TOP</Descripcion><Id>272</Id><IdGenero>003</IdGenero></cSubLinea><cSubLinea><Descripcion>CLOGS</Descripcion><Id>263</Id><IdGenero>004</IdGenero></cSubLinea><cSubLinea><Descripcion>CHALECOS</Descripcion><Id>222</Id><IdGenero>004</IdGenero></cSubLinea><cSubLinea><Descripcion>PLAYERAS</Descripcion><Id>215</Id><IdGenero>004</IdGenero></cSubLinea><cSubLinea><Descripcion>URBANO</Descripcion><Id>014</Id><IdGenero>004</IdGenero></cSubLinea><cSubLinea><Descripcion>MOCHILAS</Descripcion><Id>062</Id><IdGenero>004</IdGenero></cSubLinea><cSubLinea><Descripcion>CAMISAS</Descripcion><Id>200</Id><IdGenero>004</IdGenero></cSubLinea><cSubLinea><Descripcion>BEBES</Descripcion><Id>055</Id><IdGenero>004</IdGenero></cSubLinea><cSubLinea><Descripcion>OVEROL</Descripcion><Id>251</Id><IdGenero>004</IdGenero></cSubLinea><cSubLinea><Descripcion>CALZADO</Descripcion><Id>018</Id><IdGenero>004</IdGenero></cSubLinea><cSubLinea><Descripcion>SANDALIAS</Descripcion><Id>005</Id><IdGenero>004</IdGenero></cSubLinea><cSubLinea><Descripcion>ZAPATOS</Descripcion><Id>012</Id><IdGenero>004</IdGenero></cSubLinea><cSubLinea><Descripcion>ROPA INTERIOR</Descripcion><Id>204</Id><IdGenero>004</IdGenero></cSubLinea><cSubLinea><Descripcion>PIJAMAS</Descripcion><Id>202</Id><IdGenero>004</IdGenero></cSubLinea><cSubLinea><Descripcion>CONJUNTOS</Descripcion><Id>199</Id><IdGenero>004</IdGenero></cSubLinea><cSubLinea><Descripcion>DEPORTIVO</Descripcion><Id>038</Id><IdGenero>004</IdGenero></cSubLinea><cSubLinea><Descripcion>ESCOLAR</Descripcion><Id>053</Id><IdGenero>004</IdGenero></cSubLinea><cSubLinea><Descripcion>SHORTS</Descripcion><Id>216</Id><IdGenero>004</IdGenero></cSubLinea><cSubLinea><Descripcion>PANTUFLAS</Descripcion><Id>021</Id><IdGenero>004</IdGenero></cSubLinea><cSubLinea><Descripcion>JEANS</Descripcion><Id>260</Id><IdGenero>004</IdGenero></cSubLinea><cSubLinea><Descripcion>BOTAS</Descripcion><Id>015</Id><IdGenero>004</IdGenero></cSubLinea><cSubLinea><Descripcion>PLAYERO</Descripcion><Id>051</Id><IdGenero>004</IdGenero></cSubLinea><cSubLinea><Descripcion>BERMUDAS</Descripcion><Id>265</Id><IdGenero>004</IdGenero></cSubLinea><cSubLinea><Descripcion>TRAJES DE BAÑO</Descripcion><Id>203</Id><IdGenero>004</IdGenero></cSubLinea><cSubLinea><Descripcion>PANTALONES</Descripcion><Id>201</Id><IdGenero>004</IdGenero></cSubLinea><cSubLinea><Descripcion>PATINES Y LUCES</Descripcion><Id>047</Id><IdGenero>004</IdGenero></cSubLinea><cSubLinea><Descripcion>PANTS</Descripcion><Id>357</Id><IdGenero>004</IdGenero></cSubLinea><cSubLinea><Descripcion>SACO</Descripcion><Id>299</Id><IdGenero>004</IdGenero></cSubLinea><cSubLinea><Descripcion>DEPORTIVO ESCOLAR</Descripcion><Id>057</Id><IdGenero>004</IdGenero></cSubLinea><cSubLinea><Descripcion>XIAOMI</Descripcion><Id>388</Id><IdGenero>005</IdGenero></cSubLinea><cSubLinea><Descripcion>ALCATEL TELCEL</Descripcion><Id>170</Id><IdGenero>005</IdGenero></cSubLinea><cSubLinea><Descripcion>TCL TELCEL</Descripcion><Id>367</Id><IdGenero>005</IdGenero></cSubLinea><cSubLinea><Descripcion>ZTE TELCEL</Descripcion><Id>181</Id><IdGenero>005</IdGenero></cSubLinea><cSubLinea><Descripcion>M4TEL TELCEL</Descripcion><Id>284</Id><IdGenero>005</IdGenero></cSubLinea><cSubLinea><Descripcion>CELULARES</Descripcion><Id>067</Id><IdGenero>005</IdGenero></cSubLinea><cSubLinea><Descripcion>MOTOROLA TELCEL</Descripcion><Id>172</Id><IdGenero>005</IdGenero></cSubLinea><cSubLinea><Descripcion>NOKIA TELCEL</Descripcion><Id>186</Id><IdGenero>005</IdGenero></cSubLinea><cSubLinea><Descripcion>LANIX TELCEL</Descripcion><Id>169</Id><IdGenero>005</IdGenero></cSubLinea><cSubLinea><Descripcion>SAMSUNG TELCEL</Descripcion><Id>156</Id><IdGenero>005</IdGenero></cSubLinea><cSubLinea><Descripcion>HUAWEI TELCEL</Descripcion><Id>157</Id><IdGenero>005</IdGenero></cSubLinea><cSubLinea><Descripcion>DOPPIO TELCEL</Descripcion><Id>283</Id><IdGenero>005</IdGenero></cSubLinea><cSubLinea><Descripcion>TELCEL</Descripcion><Id>155</Id><IdGenero>005</IdGenero></cSubLinea><cSubLinea><Descripcion>OPPO TELCEL</Descripcion><Id>285</Id><IdGenero>005</IdGenero></cSubLinea><cSubLinea><Descripcion>LG TELCEL</Descripcion><Id>180</Id><IdGenero>005</IdGenero></cSubLinea><cSubLinea><Descripcion>SENWA TELCEL</Descripcion><Id>366</Id><IdGenero>005</IdGenero></cSubLinea><cSubLinea><Descripcion>COCINA INTEGRAL</Descripcion><Id>402</Id><IdGenero>006</IdGenero></cSubLinea><cSubLinea><Descripcion>MESA</Descripcion><Id>128</Id><IdGenero>006</IdGenero></cSubLinea><cSubLinea><Descripcion>COLCHONES</Descripcion><Id>250</Id><IdGenero>006</IdGenero></cSubLinea><cSubLinea><Descripcion>SALAS</Descripcion><Id>131</Id><IdGenero>006</IdGenero></cSubLinea><cSubLinea><Descripcion>BANCOS</Descripcion><Id>118</Id><IdGenero>006</IdGenero></cSubLinea><cSubLinea><Descripcion>ESCRITORIOS</Descripcion><Id>341</Id><IdGenero>006</IdGenero></cSubLinea><cSubLinea><Descripcion>COMEDORES</Descripcion><Id>123</Id><IdGenero>006</IdGenero></cSubLinea><cSubLinea><Descripcion>RECAMARAS</Descripcion><Id>130</Id><IdGenero>006</IdGenero></cSubLinea><cSubLinea><Descripcion>COMODA</Descripcion><Id>124</Id><IdGenero>006</IdGenero></cSubLinea><cSubLinea><Descripcion>REPISAS</Descripcion><Id>343</Id><IdGenero>006</IdGenero></cSubLinea><cSubLinea><Descripcion>MESA DE CENTRO</Descripcion><Id>129</Id><IdGenero>006</IdGenero></cSubLinea><cSubLinea><Descripcion>SILLONES</Descripcion><Id>133</Id><IdGenero>006</IdGenero></cSubLinea><cSubLinea><Descripcion>SILLAS</Descripcion><Id>132</Id><IdGenero>006</IdGenero></cSubLinea><cSubLinea><Descripcion>BASES DE CAMA</Descripcion><Id>119</Id><IdGenero>006</IdGenero></cSubLinea><cSubLinea><Descripcion>CENTRO DE ENTRETENIMIENTO</Descripcion><Id>122</Id><IdGenero>006</IdGenero></cSubLinea><cSubLinea><Descripcion>LIBREROS</Descripcion><Id>342</Id><IdGenero>006</IdGenero></cSubLinea><cSubLinea><Descripcion>CAMPANAS</Descripcion><Id>115</Id><IdGenero>007</IdGenero></cSubLinea><cSubLinea><Descripcion>LAVADORAS</Descripcion><Id>110</Id><IdGenero>007</IdGenero></cSubLinea><cSubLinea><Descripcion>ESTUFAS</Descripcion><Id>109</Id><IdGenero>007</IdGenero></cSubLinea><cSubLinea><Descripcion>MAQUINAS DE COSER</Descripcion><Id>111</Id><IdGenero>007</IdGenero></cSubLinea><cSubLinea><Descripcion>AIRE DE VENTANA</Descripcion><Id>107</Id><IdGenero>007</IdGenero></cSubLinea><cSubLinea><Descripcion>REFRIGERADORES</Descripcion><Id>113</Id><IdGenero>007</IdGenero></cSubLinea><cSubLinea><Descripcion>CONGELADOR</Descripcion><Id>116</Id><IdGenero>007</IdGenero></cSubLinea><cSubLinea><Descripcion>CAMPANA</Descripcion><Id>385</Id><IdGenero>007</IdGenero></cSubLinea><cSubLinea><Descripcion>SECADORAS</Descripcion><Id>114</Id><IdGenero>007</IdGenero></cSubLinea><cSubLinea><Descripcion>ENFRIADOR DE AGUA</Descripcion><Id>108</Id><IdGenero>007</IdGenero></cSubLinea><cSubLinea><Descripcion>MINISPLIT</Descripcion><Id>112</Id><IdGenero>007</IdGenero></cSubLinea><cSubLinea><Descripcion>VENTILADORES</Descripcion><Id>187</Id><IdGenero>007</IdGenero></cSubLinea><cSubLinea><Descripcion>DAMA</Descripcion><Id>066</Id><IdGenero>008</IdGenero></cSubLinea><cSubLinea><Descripcion>CABALLERO</Descripcion><Id>068</Id><IdGenero>008</IdGenero></cSubLinea><cSubLinea><Descripcion>TECLADO</Descripcion><Id>350</Id><IdGenero>009</IdGenero></cSubLinea><cSubLinea><Descripcion>AUDIO</Descripcion><Id>072</Id><IdGenero>009</IdGenero></cSubLinea><cSubLinea><Descripcion>BOCINAS</Descripcion><Id>073</Id><IdGenero>009</IdGenero></cSubLinea><cSubLinea><Descripcion>LAPTOP</Descripcion><Id>080</Id><IdGenero>009</IdGenero></cSubLinea><cSubLinea><Descripcion>IMPRESORAS</Descripcion><Id>078</Id><IdGenero>009</IdGenero></cSubLinea><cSubLinea><Descripcion>TABLETS</Descripcion><Id>089</Id><IdGenero>009</IdGenero></cSubLinea><cSubLinea><Descripcion>TELEVISORES</Descripcion><Id>090</Id><IdGenero>009</IdGenero></cSubLinea><cSubLinea><Descripcion>CARGADORES</Descripcion><Id>075</Id><IdGenero>009</IdGenero></cSubLinea><cSubLinea><Descripcion>ALL IN ONE</Descripcion><Id>336</Id><IdGenero>009</IdGenero></cSubLinea><cSubLinea><Descripcion>SMARTWATCH</Descripcion><Id>335</Id><IdGenero>009</IdGenero></cSubLinea><cSubLinea><Descripcion>FUNDAS</Descripcion><Id>077</Id><IdGenero>009</IdGenero></cSubLinea><cSubLinea><Descripcion>IPAD</Descripcion><Id>079</Id><IdGenero>009</IdGenero></cSubLinea><cSubLinea><Descripcion>MOUSE</Descripcion><Id>351</Id><IdGenero>009</IdGenero></cSubLinea><cSubLinea><Descripcion>AUDIFONOS</Descripcion><Id>234</Id><IdGenero>009</IdGenero></cSubLinea><cSubLinea><Descripcion>CONSOLAS</Descripcion><Id>076</Id><IdGenero>009</IdGenero></cSubLinea><cSubLinea><Descripcion>FREIDORA</Descripcion><Id>386</Id><IdGenero>010</IdGenero></cSubLinea><cSubLinea><Descripcion>ELECTRODOMESTICOS</Descripcion><Id>098</Id><IdGenero>010</IdGenero></cSubLinea><cSubLinea><Descripcion>MICROONDAS</Descripcion><Id>102</Id><IdGenero>010</IdGenero></cSubLinea><cSubLinea><Descripcion>PLANCHA</Descripcion><Id>103</Id><IdGenero>010</IdGenero></cSubLinea><cSubLinea><Descripcion>VAJILLAS</Descripcion><Id>147</Id><IdGenero>010</IdGenero></cSubLinea><cSubLinea><Descripcion>LICUADORAS</Descripcion><Id>101</Id><IdGenero>010</IdGenero></cSubLinea><cSubLinea><Descripcion>JUEGO DE VASOS</Descripcion><Id>100</Id><IdGenero>010</IdGenero></cSubLinea><cSubLinea><Descripcion>BATIDORAS</Descripcion><Id>092</Id><IdGenero>010</IdGenero></cSubLinea><cSubLinea><Descripcion>HIELERAS</Descripcion><Id>099</Id><IdGenero>010</IdGenero></cSubLinea><cSubLinea><Descripcion>COCINAS</Descripcion><Id>094</Id><IdGenero>010</IdGenero></cSubLinea><cSubLinea><Descripcion>EQUIPAJE</Descripcion><Id>312</Id><IdGenero>010</IdGenero></cSubLinea><cSubLinea><Descripcion>BATERIA DE COCINA</Descripcion><Id>091</Id><IdGenero>010</IdGenero></cSubLinea><cSubLinea><Descripcion>SARTENES</Descripcion><Id>176</Id><IdGenero>010</IdGenero></cSubLinea><cSubLinea><Descripcion>FERRO</Descripcion><Id>198</Id><IdGenero>011</IdGenero></cSubLinea><cSubLinea><Descripcion>PLANCHA ALACIADORA</Descripcion><Id>140</Id><IdGenero>011</IdGenero></cSubLinea><cSubLinea><Descripcion>CUBREBOCAS</Descripcion><Id>248</Id><IdGenero>011</IdGenero></cSubLinea><cSubLinea><Descripcion>HERRAMIENTAS PARA EL CABELLO</Descripcion><Id>142</Id><IdGenero>011</IdGenero></cSubLinea><cSubLinea><Descripcion>CEPILLO ELECTRICO</Descripcion><Id>138</Id><IdGenero>011</IdGenero></cSubLinea><cSubLinea><Descripcion>JUEGO DE PELUQUERIA</Descripcion><Id>143</Id><IdGenero>011</IdGenero></cSubLinea><cSubLinea><Descripcion>RASURADORAS</Descripcion><Id>144</Id><IdGenero>011</IdGenero></cSubLinea><cSubLinea><Descripcion>CUIDADO PERSONAL</Descripcion><Id>141</Id><IdGenero>011</IdGenero></cSubLinea><cSubLinea><Descripcion>RECORTADORA</Descripcion><Id>145</Id><IdGenero>011</IdGenero></cSubLinea><cSubLinea><Descripcion>SECADORAS</Descripcion><Id>146</Id><IdGenero>011</IdGenero></cSubLinea><cSubLinea><Descripcion>BOCINAS</Descripcion><Id>152</Id><IdGenero>012</IdGenero></cSubLinea><cSubLinea><Descripcion>HIDROLAVADORA</Descripcion><Id>178</Id><IdGenero>012</IdGenero></cSubLinea><cSubLinea><Descripcion>AUTOESTEREOS</Descripcion><Id>151</Id><IdGenero>012</IdGenero></cSubLinea><cSubLinea><Descripcion>ACUMULADORES</Descripcion><Id>150</Id><IdGenero>012</IdGenero></cSubLinea><cSubLinea><Descripcion>OLLAS</Descripcion><Id>179</Id><IdGenero>013</IdGenero></cSubLinea><cSubLinea><Descripcion>MICROONDAS</Descripcion><Id>160</Id><IdGenero>013</IdGenero></cSubLinea><cSubLinea><Descripcion>CAFETERAS</Descripcion><Id>162</Id><IdGenero>013</IdGenero></cSubLinea><cSubLinea><Descripcion>SANDWICHERA</Descripcion><Id>397</Id><IdGenero>013</IdGenero></cSubLinea><cSubLinea><Descripcion>BATIDORAS</Descripcion><Id>189</Id><IdGenero>013</IdGenero></cSubLinea><cSubLinea><Descripcion>TOSTADORES</Descripcion><Id>177</Id><IdGenero>013</IdGenero></cSubLinea><cSubLinea><Descripcion>PLANCHAS</Descripcion><Id>161</Id><IdGenero>013</IdGenero></cSubLinea><cSubLinea><Descripcion>LICUADORAS</Descripcion><Id>159</Id><IdGenero>013</IdGenero></cSubLinea><cSubLinea><Descripcion>TIMEX</Descripcion><Id>166</Id><IdGenero>015</IdGenero></cSubLinea><cSubLinea><Descripcion>FOSSIL</Descripcion><Id>389</Id><IdGenero>015</IdGenero></cSubLinea><cSubLinea><Descripcion>CASIO</Descripcion><Id>164</Id><IdGenero>015</IdGenero></cSubLinea><cSubLinea><Descripcion>BILLETERAS</Descripcion><Id>168</Id><IdGenero>016</IdGenero></cSubLinea><cSubLinea><Descripcion>ORGANIZADOR</Descripcion><Id>167</Id><IdGenero>016</IdGenero></cSubLinea><cSubLinea><Descripcion>LONCHERA</Descripcion><Id>353</Id><IdGenero>017</IdGenero></cSubLinea><cSubLinea><Descripcion>LIGA DE RESISTENCIA</Descripcion><Id>328</Id><IdGenero>017</IdGenero></cSubLinea><cSubLinea><Descripcion>BOLSO DEPORTIVO</Descripcion><Id>360</Id><IdGenero>017</IdGenero></cSubLinea><cSubLinea><Descripcion>MOCHILA</Descripcion><Id>171</Id><IdGenero>017</IdGenero></cSubLinea><cSubLinea><Descripcion>BLOCK DE YOGA</Descripcion><Id>334</Id><IdGenero>017</IdGenero></cSubLinea><cSubLinea><Descripcion>MANCUERNA NEOPRENO</Descripcion><Id>333</Id><IdGenero>017</IdGenero></cSubLinea><cSubLinea><Descripcion>CALCETERIA</Descripcion><Id>268</Id><IdGenero>017</IdGenero></cSubLinea><cSubLinea><Descripcion>CANGURERA</Descripcion><Id>359</Id><IdGenero>017</IdGenero></cSubLinea><cSubLinea><Descripcion>PELOTA DE YOGA</Descripcion><Id>329</Id><IdGenero>017</IdGenero></cSubLinea><cSubLinea><Descripcion>PULSERA POLAINA</Descripcion><Id>332</Id><IdGenero>017</IdGenero></cSubLinea><cSubLinea><Descripcion>EJERCITADOR DE MANO</Descripcion><Id>327</Id><IdGenero>017</IdGenero></cSubLinea><cSubLinea><Descripcion>MALETA</Descripcion><Id>356</Id><IdGenero>017</IdGenero></cSubLinea><cSubLinea><Descripcion>BANDA PARA CABEZA</Descripcion><Id>370</Id><IdGenero>017</IdGenero></cSubLinea><cSubLinea><Descripcion>GUANTES</Descripcion><Id>269</Id><IdGenero>017</IdGenero></cSubLinea><cSubLinea><Descripcion>CUERDA PARA SALTAR</Descripcion><Id>330</Id><IdGenero>017</IdGenero></cSubLinea><cSubLinea><Descripcion>PATINETAS</Descripcion><Id>337</Id><IdGenero>017</IdGenero></cSubLinea><cSubLinea><Descripcion>LAPICERA</Descripcion><Id>174</Id><IdGenero>017</IdGenero></cSubLinea><cSubLinea><Descripcion>CUBREBOCAS DEPORTIVO</Descripcion><Id>352</Id><IdGenero>017</IdGenero></cSubLinea><cSubLinea><Descripcion>TAPETE DE YOGA</Descripcion><Id>331</Id><IdGenero>017</IdGenero></cSubLinea><cSubLinea><Descripcion>BOMBA DE AIRE</Descripcion><Id>190</Id><IdGenero>018</IdGenero></cSubLinea><cSubLinea><Descripcion>ALBERCAS</Descripcion><Id>188</Id><IdGenero>018</IdGenero></cSubLinea><cSubLinea><Descripcion>SOMBRERO DE PLAYA</Descripcion><Id>399</Id><IdGenero>018</IdGenero></cSubLinea><cSubLinea><Descripcion>TOALLA DE PLAYA</Descripcion><Id>400</Id><IdGenero>018</IdGenero></cSubLinea><cSubLinea><Descripcion>LENTES</Descripcion><Id>197</Id><IdGenero>019</IdGenero></cSubLinea><cSubLinea><Descripcion>JOYERIA</Descripcion><Id>324</Id><IdGenero>019</IdGenero></cSubLinea><cSubLinea><Descripcion>ANDADERAS</Descripcion><Id>228</Id><IdGenero>020</IdGenero></cSubLinea><cSubLinea><Descripcion>CHUPONES</Descripcion><Id>225</Id><IdGenero>020</IdGenero></cSubLinea><cSubLinea><Descripcion>DOSIFICADORES</Descripcion><Id>230</Id><IdGenero>020</IdGenero></cSubLinea><cSubLinea><Descripcion>CORRALES</Descripcion><Id>227</Id><IdGenero>020</IdGenero></cSubLinea><cSubLinea><Descripcion>TAZAS</Descripcion><Id>233</Id><IdGenero>020</IdGenero></cSubLinea><cSubLinea><Descripcion>ESTERILIZADORES</Descripcion><Id>229</Id><IdGenero>020</IdGenero></cSubLinea><cSubLinea><Descripcion>VASOS</Descripcion><Id>232</Id><IdGenero>020</IdGenero></cSubLinea><cSubLinea><Descripcion>COMPLEMENTOS</Descripcion><Id>231</Id><IdGenero>020</IdGenero></cSubLinea><cSubLinea><Descripcion>BIBERONES</Descripcion><Id>224</Id><IdGenero>020</IdGenero></cSubLinea><cSubLinea><Descripcion>CARRIOLAS</Descripcion><Id>226</Id><IdGenero>020</IdGenero></cSubLinea><cSubLinea><Descripcion>PAÑALERAS</Descripcion><Id>257</Id><IdGenero>020</IdGenero></cSubLinea><cSubLinea><Descripcion>POLVO COMPACTO</Descripcion><Id>303</Id><IdGenero>021</IdGenero></cSubLinea><cSubLinea><Descripcion>CORRECTORES</Descripcion><Id>301</Id><IdGenero>021</IdGenero></cSubLinea><cSubLinea><Descripcion>DESMAQUILLANTE</Descripcion><Id>315</Id><IdGenero>021</IdGenero></cSubLinea><cSubLinea><Descripcion>RIMEL</Descripcion><Id>305</Id><IdGenero>021</IdGenero></cSubLinea><cSubLinea><Descripcion>GLOSS</Descripcion><Id>340</Id><IdGenero>021</IdGenero></cSubLinea><cSubLinea><Descripcion>DELINEADOR DE OJOS</Descripcion><Id>323</Id><IdGenero>021</IdGenero></cSubLinea><cSubLinea><Descripcion>FIJADOR</Descripcion><Id>313</Id><IdGenero>021</IdGenero></cSubLinea><cSubLinea><Descripcion>BROCHA</Descripcion><Id>387</Id><IdGenero>021</IdGenero></cSubLinea><cSubLinea><Descripcion>PRIMER</Descripcion><Id>300</Id><IdGenero>021</IdGenero></cSubLinea><cSubLinea><Descripcion>MAQUILLAJE</Descripcion><Id>306</Id><IdGenero>021</IdGenero></cSubLinea><cSubLinea><Descripcion>LAPIZ CEJAS</Descripcion><Id>288</Id><IdGenero>021</IdGenero></cSubLinea><cSubLinea><Descripcion>SOMBRAS</Descripcion><Id>302</Id><IdGenero>021</IdGenero></cSubLinea><cSubLinea><Descripcion>GEL CEJAS</Descripcion><Id>322</Id><IdGenero>021</IdGenero></cSubLinea><cSubLinea><Descripcion>LAPIZ OJOS</Descripcion><Id>290</Id><IdGenero>021</IdGenero></cSubLinea><cSubLinea><Descripcion>PALETAS</Descripcion><Id>304</Id><IdGenero>021</IdGenero></cSubLinea><cSubLinea><Descripcion>BALANCEADOR</Descripcion><Id>314</Id><IdGenero>021</IdGenero></cSubLinea><cSubLinea><Descripcion>ILUMINADOR</Descripcion><Id>307</Id><IdGenero>021</IdGenero></cSubLinea><cSubLinea><Descripcion>CUBREBOCAS</Descripcion><Id>345</Id><IdGenero>022</IdGenero></cSubLinea><cSubLinea><Descripcion>TAPETES</Descripcion><Id>308</Id><IdGenero>022</IdGenero></cSubLinea><cSubLinea><Descripcion>OXIMETRO</Descripcion><Id>348</Id><IdGenero>022</IdGenero></cSubLinea><cSubLinea><Descripcion>BASCULA</Descripcion><Id>401</Id><IdGenero>022</IdGenero></cSubLinea><cSubLinea><Descripcion>TERMOMETRO</Descripcion><Id>347</Id><IdGenero>022</IdGenero></cSubLinea><cSubLinea><Descripcion>DESINFECTANTE</Descripcion><Id>344</Id><IdGenero>022</IdGenero></cSubLinea><cSubLinea><Descripcion>PRODUCTOS DE LIMPIEZA</Descripcion><Id>321</Id><IdGenero>023</IdGenero></cSubLinea><cSubLinea><Descripcion>HOT WHEELS</Descripcion><Id>377</Id><IdGenero>049</IdGenero></cSubLinea><cSubLinea><Descripcion>BARBIE</Descripcion><Id>376</Id><IdGenero>049</IdGenero></cSubLinea><cSubLinea><Descripcion>MONTABLES</Descripcion><Id>384</Id><IdGenero>049</IdGenero></cSubLinea><cSubLinea><Descripcion>PATINES</Descripcion><Id>372</Id><IdGenero>049</IdGenero></cSubLinea><cSubLinea><Descripcion>HASBRO</Descripcion><Id>383</Id><IdGenero>049</IdGenero></cSubLinea><cSubLinea><Descripcion>MATTEL</Descripcion><Id>374</Id><IdGenero>049</IdGenero></cSubLinea><cSubLinea><Descripcion>FISHER PRICE</Descripcion><Id>375</Id><IdGenero>049</IdGenero></cSubLinea><cSubLinea><Descripcion>JUEGO DIDACTICO</Descripcion><Id>369</Id><IdGenero>049</IdGenero></cSubLinea><cSubLinea><Descripcion>MI ALEGRIA</Descripcion><Id>395</Id><IdGenero>049</IdGenero></cSubLinea><cSubLinea><Descripcion>R26</Descripcion><Id>381</Id><IdGenero>050</IdGenero></cSubLinea><cSubLinea><Descripcion>R20</Descripcion><Id>379</Id><IdGenero>050</IdGenero></cSubLinea><cSubLinea><Descripcion>R24</Descripcion><Id>380</Id><IdGenero>050</IdGenero></cSubLinea><cSubLinea><Descripcion>R29</Descripcion><Id>382</Id><IdGenero>050</IdGenero></cSubLinea><cSubLinea><Descripcion>R16</Descripcion><Id>378</Id><IdGenero>050</IdGenero></cSubLinea><cSubLinea><Descripcion>EXDERM</Descripcion><Id>390</Id><IdGenero>052</IdGenero></cSubLinea><cSubLinea><Descripcion>NATUVIT</Descripcion><Id>391</Id><IdGenero>052</IdGenero></cSubLinea></ArrayOfcSubLinea>